文章标题,作者,时间,阅读量,评论,喜欢,赞赏数,文章地址
28岁，我的存款只有3000块,未知,2017-11-27T08:14:27+08:00,66724,1888,2866,26,http://www.jianshu.com/p/87b9456e8479
我卧底相亲市场28天，发现真相比想象的更可怕,未知,2017-11-29T11:37:43+08:00,47893,710,1642,14,http://www.jianshu.com/p/b59453dd38cf
简书撩到男友已弱爆，我们结婚了！,未知,2017-11-30T08:42:52+08:00,30756,861,1196,20,http://www.jianshu.com/p/3b1eff3f5607
实践1年后，我发现梦想清单这么写更容易实现哦,未知,2017-11-28T22:52:22+08:00,35047,228,2275,5,http://www.jianshu.com/p/5df45d2de477
胡歌:生得好皮囊，不如心有一束光。,未知,2017-11-29T15:26:57+08:00,25843,397,2077,2,http://www.jianshu.com/p/4ac7bcc79c24
单身的时候，建议你发展几个兴趣爱好,未知,2017-11-26T11:52:00+08:00,27959,581,1925,0,http://www.jianshu.com/p/83e7526bb1b4
记忆力超级差的我，是如何做到同声传译的？,未知,2017-12-02T20:26:39+08:00,25750,240,2136,7,http://www.jianshu.com/p/ee1dd5a681fa
歧视低端，是社会之耻,未知,2017-11-28T18:31:09+08:00,27123,254,1252,7,http://www.jianshu.com/p/5bbbc426c6bc
陈冠希：这一次，我真的骂不动了,未知,2017-11-27T20:07:50+08:00,29373,529,1057,1,http://www.jianshu.com/p/fe0b407316cb
女蛙呱呱｜第一课：六岁以前的性教育,未知,2017-11-30T06:48:18+08:00,19215,249,1259,11,http://www.jianshu.com/p/df8ad3bcc29c
所有爱情都是从聊骚开始的,未知,2017-11-28T05:38:43+08:00,32135,686,603,7,http://www.jianshu.com/p/80107eea701c
谈月收入，就是在伤害90后的感情,未知,2017-11-29T13:36:15+08:00,23175,447,585,2,http://www.jianshu.com/p/1608c719aa84
旅行四年，我告诉你中国必去的十个地方――西藏（多图预警）,未知,2017-11-28T11:21:35+08:00,21292,246,1081,2,http://www.jianshu.com/p/c80b81113bbd
我是男性，假如我在泰坦尼克号上，我不会让妇女先走,未知,2017-11-28T07:07:53+08:00,22259,431,590,0,http://www.jianshu.com/p/f24a71ecb5f5
情商高的人，绝对不会用这5句话安慰人,未知,2017-11-30T15:17:29+08:00,22188,93,1096,0,http://www.jianshu.com/p/01e70e6fd443
我怎么知道考研难不难？,未知,2017-11-28T01:19:24+08:00,9045,534,585,1,http://www.jianshu.com/p/a6fda0c01957
时间管理：如何充分利用你的24小时,未知,2017-12-01T11:41:09+08:00,19129,59,1101,1,http://www.jianshu.com/p/82addf48d282
我在北京备好行李随时准备滚蛋,未知,2017-11-27T12:45:12+08:00,22229,339,453,4,http://www.jianshu.com/p/62e8f0a2e5dd
“女大不中留，留来留去留成仇”,未知,2017-11-02T14:47:34+08:00,13492,41,1264,4,http://www.jianshu.com/p/261b7b68740e
彩礼记：一道90后必须跨过的千年门槛,未知,2017-11-30T23:05:17+08:00,19014,398,572,2,http://www.jianshu.com/p/7dac3f7664d2
我们要如何改变思维，才能实现真正意义上的自我突破,未知,2017-12-02T17:40:14+08:00,11737,127,950,7,http://www.jianshu.com/p/d4ccbc366065
我爱的人得了艾滋病,未知,2017-12-01T15:51:17+08:00,17506,211,752,5,http://www.jianshu.com/p/f3b7917ddb0c
去北京接人,未知,2017-11-27T05:41:06+08:00,38194,268,574,13,http://www.jianshu.com/p/dde727cc7eae
价格的真相：用户嫌贵，并不是真的贵了。,未知,2017-12-01T01:53:05+08:00,15231,85,843,0,http://www.jianshu.com/p/25a7e8d253f8
“我已经不打算喜欢你了！”,未知,2017-11-30T08:15:03+08:00,13039,222,695,1,http://www.jianshu.com/p/a2f3428c3ff6
29张没有ps的历史照片，看完第1张就泪奔了…,未知,2017-11-30T09:20:19+08:00,13864,80,794,4,http://www.jianshu.com/p/6ce3916f5a21
关于“红黄蓝”事件――一封写给内阁的信（阅后即焚）,未知,2017-12-01T16:59:50+08:00,11912,217,502,13,http://www.jianshu.com/p/c584b1a78fef
有哪些适合年轻女生佩戴的手表,未知,2017-11-28T15:48:43+08:00,18100,74,761,0,http://www.jianshu.com/p/5dfbded8079c
痛经,未知,2017-12-02T15:17:32+08:00,8743,370,423,1,http://www.jianshu.com/p/7cb20bc95475
实现梦想是把目标变成一件件小事，做就对了！附10个高效小习惯,未知,2017-12-03T12:08:39+08:00,11371,125,838,0,http://www.jianshu.com/p/b13a99aead3d
多少女同学，情归老同学,未知,2017-11-27T07:45:14+08:00,15764,148,560,0,http://www.jianshu.com/p/74a5a66d11fc
在北京的群租房整顿之前，我和十来个年轻男女一起生活了9个月,未知,2017-11-30T09:06:12+08:00,12322,266,485,5,http://www.jianshu.com/p/137d5a3d145c
「我心中最赞的歌手」征文,未知,2017-11-30T09:40:14+08:00,14524,529,452,3,http://www.jianshu.com/p/1be79866ee15
做手帐，算好人生的帐不留遗憾！,未知,2017-11-29T12:09:24+08:00,6539,116,619,3,http://www.jianshu.com/p/719c7f1bb1f8
初学摄影时我先“恶补”了这些｜手机摄影那点事,未知,2017-11-27T07:48:45+08:00,6353,50,675,0,http://www.jianshu.com/p/765921bd0c45
女孩餐桌上懂敬酒礼仪，让大家觉得好有教养！,未知,2017-12-03T07:06:12+08:00,14217,90,598,0,http://www.jianshu.com/p/83d6716ba327
做了十年安利，如今我妈信了上帝,未知,2017-11-30T13:16:09+08:00,14748,167,448,1,http://www.jianshu.com/p/99aeb8bc38d0
今年我花了3个月减了30斤 - 饮食篇,未知,2017-12-01T11:46:05+08:00,8383,83,547,0,http://www.jianshu.com/p/f9979b5f8fe0
从学渣到国奖，我的以下克上,未知,2017-11-27T00:11:02+08:00,7614,102,478,4,http://www.jianshu.com/p/c094f1659423
怎样成为一个学习高手？这个工具你拿去，管用！,未知,2017-12-01T12:38:09+08:00,11474,54,543,2,http://www.jianshu.com/p/d024947844bd
这个女人不简单,未知,2017-11-28T06:43:23+08:00,8025,203,331,6,http://www.jianshu.com/p/c84cb3819f99
听说，你的城市飘着雪,未知,2017-11-28T21:08:03+08:00,7590,86,432,0,http://www.jianshu.com/p/e1f0f0fe1a48
我没看过熔炉，但这个世界非要逼我看,未知,2017-11-28T16:56:24+08:00,9059,275,344,5,http://www.jianshu.com/p/814e5465323c
孩子什么都知道。,未知,2017-12-02T11:31:18+08:00,12791,43,592,1,http://www.jianshu.com/p/d3ddd95219f2
男童抢夺陌生人蛋卷，家长：吃完了再要！素质限制了我的想象力,未知,2017-12-03T09:48:22+08:00,12970,129,422,0,http://www.jianshu.com/p/fc867d9d5916
女孩子精不精致，看鞋子就知道了。,未知,2017-11-27T14:24:11+08:00,11740,39,497,0,http://www.jianshu.com/p/2ca11962da28
零基础的我是@友в⒂锏,未知,2017-11-29T22:50:09+08:00,7446,65,473,0,http://www.jianshu.com/p/8d824c82521b
我年龄已经开始大了，可依然不成功,未知,2017-11-29T00:08:44+08:00,4076,316,250,2,http://www.jianshu.com/p/bcf40b5eaddd
约吗与约过之后,未知,2017-11-28T01:27:49+08:00,7302,263,255,1,http://www.jianshu.com/p/bb9f6336bc03
北漂三年，其实，我也想放弃了,未知,2017-11-28T22:10:51+08:00,3919,233,249,5,http://www.jianshu.com/p/9b1d1f10578a
写了两年，终于签约,未知,2017-11-30T17:13:19+08:00,6631,128,273,2,http://www.jianshu.com/p/bc0615928fab
如何培养自己深度思考的能力,未知,2017-12-03T12:13:57+08:00,8863,59,861,3,http://www.jianshu.com/p/629e49ba9a18
零下四度的北京，多少人无家可归……,未知,2017-11-26T11:21:31+08:00,23530,340,344,2,http://www.jianshu.com/p/e3c19ac182e9
身为女人，我只能嫁鸡随鸡嫁狗随狗,未知,2017-11-28T02:44:30+08:00,5220,254,254,1,http://www.jianshu.com/p/60a82bba39f0
咪蒙开课：全民写作，人人开课――求求你放过粉丝们吧,未知,2017-12-02T08:28:15+08:00,4485,274,267,4,http://www.jianshu.com/p/ced897bfb0fe
世道变坏，是从人们嘲笑新闻理想开始的,未知,2017-11-27T13:05:50+08:00,8425,114,305,0,http://www.jianshu.com/p/99fc2fdcab98
对，我就是那个追男生的女同学，丢脸吗,未知,2017-11-27T14:27:03+08:00,5760,195,232,0,http://www.jianshu.com/p/f8f45068ac81
PPT中的表格如何做出高级感？,未知,2017-11-27T16:04:09+08:00,6674,28,462,0,http://www.jianshu.com/p/305879954607
好好写你的作，去他妈的指数！,未知,2017-12-02T00:44:56+08:00,7964,148,260,0,http://www.jianshu.com/p/e1331f595197
周末2天，用4本书，为不知如何选择找答案,未知,2017-11-27T09:40:47+08:00,5327,85,382,0,http://www.jianshu.com/p/eb1d0a82fe83
[我心中最赞的歌手]茫茫人海中谁又喝下了爱的毒,未知,2017-12-02T23:07:54+08:00,2781,325,221,3,http://www.jianshu.com/p/22f03526a9df
简友常见问题汇总,未知,2015-08-01T12:17:59+08:00,947099,8893,18781,74,http://www.jianshu.com/p/27de765cdb28
晒日常01―― 三年过去了，再翻一次你的包吧,未知,2017-11-29T15:23:22+08:00,21589,132,311,0,http://www.jianshu.com/p/703bc5a876a5
90后月入多少算正常？90后中年人看来是真老了？,未知,2017-12-01T07:45:38+08:00,9569,133,202,0,http://www.jianshu.com/p/f6af400181c5
一个人没出息的九大表现，现在知道还不算晚,未知,2017-11-07T14:30:33+08:00,79106,449,5933,25,http://www.jianshu.com/p/2b6ca8c42ce1
不要让“医生爷爷”跑了，因为他们手里攥着我们的良知！,未知,2017-11-27T19:26:25+08:00,25446,88,297,64,http://www.jianshu.com/p/f4a2d9a24724
简书签约作者申请指南,未知,2017-12-01T17:08:15+08:00,6998,58,346,2,http://www.jianshu.com/p/6df6dc693ab4
脱颖而出! 面试英语的一些小技巧,未知,2017-11-28T16:30:29+08:00,3943,21,420,0,http://www.jianshu.com/p/9939f88df3bd
不浮躁的人，终将拥有世界,未知,2017-11-27T12:46:51+08:00,6413,38,399,1,http://www.jianshu.com/p/e3f05876997d
《三千扯淡》和专三千一起扯淡,未知,2017-11-28T17:27:42+08:00,13100,189,219,0,http://www.jianshu.com/p/e54df65de05c
闺蜜有毒，当心自己成了诱饵,未知,2017-11-28T00:46:44+08:00,17614,130,218,0,http://www.jianshu.com/p/48c597d6af1b
“一个人喝醉酒的时候最孤独”,未知,2017-12-03T09:29:29+08:00,5555,197,252,7,http://www.jianshu.com/p/2365e02d9688
他说：闺女像爹，儿子像妈,未知,2017-11-30T10:37:17+08:00,4654,189,213,8,http://www.jianshu.com/p/d4465c325578
写作，如此才能做到高产,未知,2017-12-03T07:32:32+08:00,8203,74,342,0,http://www.jianshu.com/p/750ca5073768
上海杀妻冰柜藏尸案：人可以恶到令人发指,未知,2017-11-30T12:47:50+08:00,13667,95,233,0,http://www.jianshu.com/p/8a47386e7836
愿你白天有说有笑，晚上睡个好觉,未知,2017-11-28T17:30:58+08:00,7398,105,251,2,http://www.jianshu.com/p/48571a1abd52
猪已被我喂肥了，爸妈你们何时能回家,未知,2017-11-28T06:56:12+08:00,3846,146,221,4,http://www.jianshu.com/p/6b92d12fa235
王大爷归西，王大娘欢喜,未知,2017-11-29T05:52:37+08:00,2244,254,158,1,http://www.jianshu.com/p/81df56638c4c
单词记忆法 | 如何短时间让你词汇量多一倍？,未知,2017-11-27T13:26:19+08:00,3893,38,368,0,http://www.jianshu.com/p/a66f69070700
考研世界里的六种人,未知,2017-12-03T04:25:13+08:00,6814,169,287,0,http://www.jianshu.com/p/5f26d8ac862f
真实故事：我婚姻里，那阴魂不散的小三！,未知,2017-11-30T09:22:14+08:00,7327,162,119,0,http://www.jianshu.com/p/f8566d6258aa
 我爸让我去游戏厅打游戏的日子，令我获得了什么？,未知,2017-11-28T10:02:55+08:00,5937,99,293,1,http://www.jianshu.com/p/600d3bfd734d
手机呼叫按键为什么设计在左边？这可能改变你的大脑,未知,2017-11-30T08:30:52+08:00,13195,102,231,1,http://www.jianshu.com/p/f2ea44a2f9cb
遇到骗取劳力和创意的公司，你能咋滴？,未知,2017-10-27T19:12:15+08:00,8060,87,246,0,http://www.jianshu.com/p/31da3d8b833a
余生，我俩将在墓碑上厮守,未知,2017-11-30T19:42:06+08:00,1421,235,130,9,http://www.jianshu.com/p/7a20827332e6
旅行四年，我告诉你中国必去的十个地方――和顺古镇,未知,2017-12-03T11:28:33+08:00,7870,105,345,0,http://www.jianshu.com/p/e5b5e8650318
这样记账，你的钱会越来越多 ,未知,2017-12-01T09:44:33+08:00,7085,46,299,0,http://www.jianshu.com/p/c135e2957128
抱歉，我偷偷删了你的微信,未知,2017-11-27T08:23:25+08:00,6355,251,213,0,http://www.jianshu.com/p/00c8409d1966
让中国男人穿好衣服，是世界性难题,未知,2017-11-28T14:02:26+08:00,7449,68,245,0,http://www.jianshu.com/p/b458911090fa
作诗的一些见解,未知,2017-11-30T21:05:54+08:00,1342,197,195,1,http://www.jianshu.com/p/c0ebaa6d743f
我该拿什么来爱你，我的孩子,未知,2017-11-27T09:55:10+08:00,4257,165,192,60,http://www.jianshu.com/p/d03e7966378a
还记得我么？我叫陈冠希！,未知,2017-11-27T05:01:37+08:00,7081,158,278,1,http://www.jianshu.com/p/b305a86e00dd
她如何从一个灰姑娘成为住在玫瑰城堡里的公主？,未知,2017-11-27T09:44:30+08:00,4942,95,267,4,http://www.jianshu.com/p/17c9a1c7b767
乌托邦03|疏于管教，才让世间恶魔横行,未知,2017-11-29T01:00:22+08:00,762,210,155,2,http://www.jianshu.com/p/1b1be6f3c5fa
为什么有些人天生高贵？,未知,2017-11-29T19:09:20+08:00,4501,44,318,0,http://www.jianshu.com/p/9c6224c7173b
共享单车倒闭潮，近28亿押金打水漂，你会是被坑的那一个吗？,未知,2017-11-27T17:16:38+08:00,11846,77,214,0,http://www.jianshu.com/p/4cf1a5d26d5a
短篇 | 好久不见的青春,未知,2017-11-28T11:39:26+08:00,5263,109,302,0,http://www.jianshu.com/p/e84f3104f5ff
那个网恋的女孩,未知,2017-11-28T12:40:02+08:00,2887,257,101,0,http://www.jianshu.com/p/50539226dc42
我没看过《熔炉》，可这个世界非要讲给我听,未知,2017-11-25T00:20:04+08:00,31852,402,2277,3,http://www.jianshu.com/p/899c09c7dbee
读金瓶梅：女人都是潘金莲，有些女人不如潘金莲,未知,2017-11-28T10:11:03+08:00,7529,133,209,2,http://www.jianshu.com/p/e4d9bce3f848
致初恋:原来你还在这里,未知,2017-11-29T06:12:45+08:00,4800,191,136,4,http://www.jianshu.com/p/5d72913b0375
我知道子弹能杀人，不代表我曾被杀过,未知,2017-11-29T07:53:20+08:00,3649,155,160,4,http://www.jianshu.com/p/b18384507241
盘点那些值得购买的地方特色糕点店,未知,2017-11-27T11:25:57+08:00,12541,24,332,0,http://www.jianshu.com/p/4ce1e9e21e90
怦然心动・邂逅你的11封情书获奖公告及名单,未知,2017-11-29T17:16:10+08:00,6860,111,163,0,http://www.jianshu.com/p/3b87d3d9ef7f
上了不喜欢的专业，我该何去何从？,未知,2017-11-28T07:03:12+08:00,3356,91,189,0,http://www.jianshu.com/p/f959decb5039
雁荡山之二：等最后一次黄昏,未知,2017-11-28T16:10:49+08:00,730,166,181,3,http://www.jianshu.com/p/6e786aa8747e
「见字如面・书世界」征文,未知,2017-11-20T18:38:49+08:00,21537,253,588,1,http://www.jianshu.com/p/8fb24fba065f
"这是我在简书上写的第一首诗 | 三行情书 ・ 就这样沉默而温柔地与你一同起舞摇曳, 好吗?",未知,2017-12-02T08:02:17+08:00,7952,72,234,0,http://www.jianshu.com/p/214b2274122f
「见字如面・书世界」 下辈子还做你的女人,未知,2017-11-27T07:09:20+08:00,2391,189,146,1,http://www.jianshu.com/p/9a2760dc60c2
谁怜霜花冷,未知,2017-12-02T09:02:57+08:00,1009,177,171,2,http://www.jianshu.com/p/ce79bfa6f385
对不起，低端的你已不适合在一线城市居住......,未知,2017-11-28T23:51:13+08:00,6305,125,106,0,http://www.jianshu.com/p/f491aa55e284
当老师问你娃“你家有几个马桶”时，该如何回答？,未知,2017-11-25T18:52:16+08:00,12386,70,198,0,http://www.jianshu.com/p/8d387b4bc3d2
新女性：美是底线，钱是底气，野心是底蕴！,未知,2017-11-29T11:56:56+08:00,5946,46,276,2,http://www.jianshu.com/p/3cdc8ff9d5ba
看我72变 | 把PPT平滑切换玩出新高度,未知,2017-11-27T15:04:07+08:00,3233,25,309,0,http://www.jianshu.com/p/3471deacbf55
很多人想到了将就，但是感情无法强求,未知,2017-11-27T08:08:10+08:00,3818,176,184,0,http://www.jianshu.com/p/0d57c84fcbbd
村花春芳的悲喜剧,未知,2017-11-30T06:22:55+08:00,1926,178,165,0,http://www.jianshu.com/p/019f0e8a9b17
致室友：再过一个月，我就终于不用再见到你了,未知,2017-11-30T16:19:14+08:00,5150,74,215,0,http://www.jianshu.com/p/44958e659a9b
张幼仪：一个女子，洁身自好就是白，自力更生就是富，内外兼修就是美,未知,2017-12-02T15:04:38+08:00,5239,76,241,0,http://www.jianshu.com/p/ea4f330dcf54
走在大街的女子,未知,2017-12-01T03:11:25+08:00,2790,173,150,1,http://www.jianshu.com/p/b918e3273748
